"ANO","NIVEL","CODMUNRES","TO","TORC","TORCR","TO_NN","TO_N","TO_CB_I","TO_CB_N","TO_CB_C","TO_CB_R","TO_CB_O","TO_M","TO_F","TO_F_IF","TO_FT","TO_NT","TO_NT_P","TO_NT_T","TO_PNT","TO_MT_G","TONT_B","TONT_PT","TONT_A","TONT_PD","TONT_I","TO_MT","TO_MT_DG","TO_MT_PT","TO_MT_AB","TO_MT_42","TO_MT_43","TO_MT_P","TO_MT_P_I","TO_MT_P_ES","TO_MT_P_EFI","TO_MT_P_EFII","TO_MT_P_EM","TO_MT_P_ESI","TO_MT_P_ESC"
2015,"MU",240010,83,83,0,9,74,4,10,29,12,19,45,38,3,0,1,1,0,1,0,0,0,0,1,0,0,0,0,0,0,0,0,0,0,0,0,0,0,0
2015,"MU",240020,273,273,0,57,216,9,47,53,27,80,159,113,22,0,9,9,0,0,2,2,1,0,4,0,2,2,0,0,0,0,2,2,0,1,0,0,0,0
2015,"MU",240030,59,59,0,3,56,2,9,26,4,15,33,26,3,0,0,0,0,0,0,0,0,0,0,0,0,0,0,0,0,0,0,0,0,0,0,0,0,0
2015,"MU",240040,16,16,0,3,13,1,2,6,1,3,10,6,0,0,0,0,0,0,0,0,0,0,0,0,0,0,0,0,0,0,0,0,0,0,0,0,0,0
2015,"MU",240050,73,73,0,9,64,4,10,26,8,16,47,26,2,0,1,1,0,1,0,0,0,0,1,0,0,0,0,0,0,0,0,0,0,0,0,0,0,0
2015,"MU",240060,28,28,0,4,24,1,4,12,1,6,15,13,1,0,0,0,0,0,0,0,0,0,0,0,0,0,0,0,0,0,0,0,0,0,0,0,0,0
2015,"MU",240070,70,70,0,12,58,2,8,11,11,26,40,30,7,0,1,1,0,1,0,0,0,0,0,0,0,0,0,0,0,0,0,0,0,0,0,0,0,0
2015,"MU",240080,50,50,0,10,40,2,7,12,6,13,27,23,1,0,1,1,0,1,0,1,0,0,0,0,0,0,0,0,0,0,0,0,0,0,0,0,0,0
2015,"MU",240090,54,54,0,11,43,3,9,9,14,8,33,21,2,0,0,0,0,0,0,0,0,0,0,0,0,0,0,0,0,0,0,0,0,0,0,0,0,0
2015,"MU",240100,208,208,0,25,183,14,34,50,21,64,115,93,9,0,1,1,0,1,0,0,0,0,0,0,0,0,0,0,0,0,0,0,0,0,0,0,0,0
2015,"MU",240110,167,167,0,27,140,8,27,44,21,40,91,76,5,0,3,2,1,1,0,0,0,0,0,0,0,0,0,0,0,0,0,0,0,0,0,0,0,0
2015,"MU",240120,75,75,0,13,62,1,7,31,3,20,41,34,4,0,1,1,0,1,1,0,0,0,1,0,1,1,0,0,0,0,1,0,0,0,0,0,0,0
2015,"MU",240130,60,60,0,5,55,1,10,17,11,16,34,26,2,0,0,0,0,0,0,0,0,0,0,0,0,0,0,0,0,0,0,0,0,0,0,0,0,0
2015,"MU",240140,51,51,0,5,46,3,12,17,3,11,32,19,2,0,0,0,0,0,0,0,0,0,0,0,0,0,0,0,0,0,0,0,0,0,0,0,0,0
2015,"MU",240145,155,155,0,46,109,6,21,26,15,41,101,54,5,0,3,1,2,4,0,1,0,0,2,0,0,0,0,0,0,0,0,0,0,0,0,0,0,0
2015,"MU",240150,35,35,0,7,28,2,7,10,1,8,17,18,5,0,0,0,0,1,0,0,0,0,0,0,0,0,0,0,0,0,0,0,0,0,0,0,0,0
2015,"MU",240160,21,21,0,0,21,0,4,9,1,7,8,13,2,0,1,1,0,0,0,1,0,0,0,0,0,0,0,0,0,0,0,0,0,0,0,0,0,0
2015,"MU",240165,8,8,0,0,8,1,0,4,1,2,3,5,1,0,0,0,0,0,0,0,0,0,0,0,0,0,0,0,0,0,0,0,0,0,0,0,0,0
2015,"MU",240170,70,70,0,14,56,1,6,25,4,20,46,24,2,0,0,0,0,0,0,0,0,0,0,0,0,0,0,0,0,0,0,0,0,0,0,0,0,0
2015,"MU",240180,68,68,0,10,58,1,8,25,4,20,38,30,5,0,0,0,0,0,0,0,0,0,0,0,0,0,0,0,0,0,0,0,0,0,0,0,0,0
2015,"MU",240185,30,30,0,5,25,0,3,13,1,8,16,14,3,0,0,0,0,0,0,0,0,0,0,0,0,0,0,0,0,0,0,0,0,0,0,0,0,0
2015,"MU",240190,23,23,0,0,23,0,4,6,3,10,10,13,1,0,0,0,0,0,0,0,0,0,0,0,0,0,0,0,0,0,0,0,0,0,0,0,0,0
2015,"MU",240200,429,429,0,79,350,18,69,97,43,123,232,197,19,0,3,2,1,1,1,1,0,0,2,0,2,1,0,0,1,0,2,2,0,1,0,1,0,0
2015,"MU",240210,56,56,0,3,53,2,8,24,6,13,30,26,2,0,0,0,0,0,0,0,0,0,0,0,0,0,0,0,0,0,0,0,0,0,0,0,0,0
2015,"MU",240220,202,202,0,21,181,6,32,66,18,59,118,84,15,0,0,0,0,4,0,0,0,0,0,0,0,0,0,0,0,0,0,0,0,0,0,0,0,0
2015,"MU",240230,141,141,0,23,118,4,18,46,7,43,78,63,8,0,3,2,1,4,0,1,0,0,2,0,0,0,0,0,0,0,0,0,0,0,0,0,0,0
2015,"MU",240240,60,60,0,7,53,4,11,16,9,13,29,31,3,0,1,1,0,0,0,1,0,0,0,0,0,0,0,0,0,0,0,0,0,0,0,0,0,0
2015,"MU",240250,53,53,0,3,50,1,7,13,8,21,32,21,7,0,0,0,0,0,0,0,0,0,0,0,0,0,0,0,0,0,0,0,0,0,0,0,0,0
2015,"MU",240260,468,468,0,79,389,16,62,139,37,135,273,194,22,0,9,6,3,8,0,4,0,0,5,0,0,0,0,0,0,0,0,0,0,0,0,0,0,0
2015,"MU",240270,70,70,0,8,62,2,13,20,4,23,34,36,5,0,0,0,0,1,0,0,0,0,0,0,0,0,0,0,0,0,0,0,0,0,0,0,0,0
2015,"MU",240280,27,27,0,2,25,1,5,9,3,7,14,13,0,0,0,0,0,0,0,0,0,0,0,0,0,0,0,0,0,0,0,0,0,0,0,0,0,0
2015,"MU",240290,35,35,0,0,35,0,6,11,4,14,15,20,2,0,1,1,0,0,0,0,0,0,0,0,0,0,0,0,0,0,0,0,0,0,0,0,0,0
2015,"MU",240300,69,69,0,10,59,0,9,15,11,24,32,37,4,0,1,1,0,3,0,0,0,0,1,0,1,0,0,0,0,1,0,0,0,0,0,0,0,0
2015,"MU",240310,316,316,0,24,292,7,65,101,36,83,165,151,14,0,5,5,0,2,0,4,0,0,1,0,0,0,0,0,0,0,0,0,0,0,0,0,0,0
2015,"MU",240320,59,59,0,5,54,0,7,18,11,18,31,28,6,0,1,1,0,1,0,0,0,0,1,0,0,0,0,0,0,0,0,0,0,0,0,0,0,0
2015,"MU",240325,1134,1134,0,196,938,36,206,297,87,312,642,491,55,0,29,19,10,12,0,10,0,0,15,0,2,0,0,0,2,0,2,2,0,0,0,1,1,0
2015,"MU",240330,39,39,0,5,34,1,3,20,5,5,24,15,1,0,1,1,0,1,0,0,0,0,0,0,0,0,0,0,0,0,0,0,0,0,0,0,0,0
2015,"MU",240340,34,34,0,4,30,2,2,10,1,15,25,9,0,0,0,0,0,0,0,0,0,0,0,0,0,0,0,0,0,0,0,0,0,0,0,0,0,0
2015,"MU",240350,44,44,0,2,42,0,5,13,4,20,23,21,3,0,1,1,0,1,0,1,0,0,0,0,0,0,0,0,0,0,0,0,0,0,0,0,0,0
2015,"MU",240360,170,170,0,30,140,9,15,53,18,45,112,57,11,0,8,5,3,4,1,1,0,0,5,0,2,1,0,0,1,0,2,2,0,1,0,0,0,0
2015,"MU",240370,41,41,0,3,38,3,5,13,4,13,26,15,1,0,0,0,0,0,0,0,0,0,0,0,0,0,0,0,0,0,0,0,0,0,0,0,0,0
2015,"MU",240375,25,25,0,3,22,0,4,5,4,9,11,14,2,0,0,0,0,0,0,0,0,0,0,0,0,0,0,0,0,0,0,0,0,0,0,0,0,0
2015,"MU",240380,66,66,0,7,59,1,10,19,10,19,29,37,1,0,0,0,0,2,0,0,0,0,0,0,0,0,0,0,0,0,0,0,0,0,0,0,0,0
2015,"MU",240390,23,23,0,1,22,0,5,10,2,5,9,14,0,0,0,0,0,0,0,0,0,0,0,0,0,0,0,0,0,0,0,0,0,0,0,0,0,0
2015,"MU",240400,27,27,0,6,21,1,3,8,5,4,16,11,2,0,0,0,0,0,0,0,0,0,0,0,0,0,0,0,0,0,0,0,0,0,0,0,0,0
2015,"MU",240410,7,7,0,0,7,1,1,3,0,2,3,4,0,0,0,0,0,0,0,0,0,0,0,0,0,0,0,0,0,0,0,0,0,0,0,0,0,0
2015,"MU",240420,143,143,0,17,126,3,35,44,8,36,77,66,4,0,2,1,1,4,0,1,0,0,0,1,0,0,0,0,0,0,0,0,0,0,0,0,0,0
2015,"MU",240430,82,82,0,1,81,3,19,20,13,26,41,41,6,0,2,0,2,1,0,1,0,0,1,0,0,0,0,0,0,0,0,0,0,0,0,0,0,0
2015,"MU",240440,75,75,0,10,65,6,14,20,3,22,43,32,4,0,1,1,0,0,1,0,0,0,0,0,1,1,0,0,0,0,1,1,0,0,0,0,0,0
2015,"MU",240450,94,94,0,14,80,2,12,21,9,36,54,40,7,0,6,6,0,2,0,3,0,0,0,0,0,0,0,0,0,0,0,0,0,0,0,0,0,0
2015,"MU",240460,59,59,0,6,53,4,6,27,2,14,36,23,1,0,0,0,0,0,0,0,0,0,0,0,0,0,0,0,0,0,0,0,0,0,0,0,0,0
2015,"MU",240470,63,63,0,13,50,2,10,13,11,14,36,27,8,0,2,1,1,0,0,0,0,0,1,0,0,0,0,0,0,0,0,0,0,0,0,0,0,0
2015,"MU",240480,21,21,0,2,19,0,1,12,1,5,17,4,0,0,0,0,0,0,0,0,0,0,0,0,0,0,0,0,0,0,0,0,0,0,0,0,0,0
2015,"MU",240485,35,35,0,6,29,1,8,8,5,7,15,20,8,0,0,0,0,0,0,0,0,0,0,0,0,0,0,0,0,0,0,0,0,0,0,0,0,0
2015,"MU",240490,38,38,0,8,30,0,3,11,10,6,25,13,2,0,0,0,0,0,0,0,0,0,0,0,0,0,0,0,0,0,0,0,0,0,0,0,0,0
2015,"MU",240500,68,68,0,8,60,1,7,35,6,11,42,26,2,0,1,1,0,0,0,0,0,0,1,0,0,0,0,0,0,0,0,0,0,0,0,0,0,0
2015,"MU",240510,33,33,0,10,23,0,6,7,3,7,27,6,2,0,0,0,0,0,0,0,0,0,0,0,0,0,0,0,0,0,0,0,0,0,0,0,0,0
2015,"MU",240520,30,30,0,9,21,1,3,9,1,7,20,10,0,0,0,0,0,0,0,0,0,0,0,0,0,0,0,0,0,0,0,0,0,0,0,0,0,0
2015,"MU",240530,61,61,0,5,56,1,14,22,0,19,36,25,2,0,1,1,0,1,0,0,0,0,1,0,0,0,0,0,0,0,0,0,0,0,0,0,0,0
2015,"MU",240540,35,35,0,6,29,1,4,13,4,7,24,11,0,0,0,0,0,1,0,0,0,0,0,0,0,0,0,0,0,0,0,0,0,0,0,0,0,0
2015,"MU",240550,16,16,0,1,15,1,1,7,2,4,11,5,1,0,0,0,0,0,0,0,0,0,0,0,0,0,0,0,0,0,0,0,0,0,0,0,0,0
2015,"MU",240560,94,94,0,6,88,5,21,31,9,22,48,46,3,0,2,1,1,0,0,1,0,0,1,0,0,0,0,0,0,0,0,0,0,0,0,0,0,0
2015,"MU",240570,109,109,0,10,99,4,17,29,16,33,62,47,3,0,1,1,0,1,0,0,0,0,1,0,0,0,0,0,0,0,0,0,0,0,0,0,0,0
2015,"MU",240580,206,206,0,27,179,4,32,66,9,68,124,82,9,0,1,1,0,6,0,0,0,0,1,0,1,0,0,0,1,0,1,1,0,1,0,0,0,0
2015,"MU",240590,17,17,0,2,15,0,1,7,3,4,11,6,0,0,0,0,0,0,0,0,0,0,0,0,0,0,0,0,0,0,0,0,0,0,0,0,0,0
2015,"MU",240600,54,54,0,5,49,2,6,25,9,7,29,25,1,0,0,0,0,1,0,0,0,0,0,0,0,0,0,0,0,0,0,0,0,0,0,0,0,0
2015,"MU",240610,148,148,0,15,133,4,22,40,14,53,83,65,4,0,2,2,0,1,0,2,0,0,0,0,0,0,0,0,0,0,0,0,0,0,0,0,0,0
2015,"MU",240615,17,17,0,2,15,1,1,4,3,6,11,6,1,0,0,0,0,0,0,0,0,0,0,0,0,0,0,0,0,0,0,0,0,0,0,0,0,0
2015,"MU",240620,25,25,0,3,22,3,4,4,1,10,14,11,1,0,0,0,0,1,0,0,0,0,0,0,0,0,0,0,0,0,0,0,0,0,0,0,0,0
2015,"MU",240630,45,45,0,4,41,0,10,13,1,17,26,19,2,0,1,1,0,1,0,1,0,0,0,0,0,0,0,0,0,0,0,0,0,0,0,0,0,0
2015,"MU",240640,24,24,0,4,20,1,3,7,2,7,18,6,0,0,0,0,0,0,0,0,0,0,0,0,0,0,0,0,0,0,0,0,0,0,0,0,0,0
2015,"MU",240650,90,90,0,18,72,0,12,26,8,26,46,44,4,0,3,3,0,2,0,2,0,0,1,0,0,0,0,0,0,0,0,0,0,0,0,0,0,0
2015,"MU",240660,57,57,0,8,49,2,5,17,7,18,29,28,3,0,1,0,1,0,0,0,0,0,1,0,0,0,0,0,0,0,0,0,0,0,0,0,0,0
2015,"MU",240670,68,68,0,8,60,3,11,14,11,21,38,30,4,0,1,0,1,0,0,0,0,0,0,0,1,0,0,0,1,0,1,1,0,0,0,0,1,0
2015,"MU",240680,30,30,0,2,28,1,6,10,3,8,11,19,1,0,0,0,0,0,0,0,0,0,0,0,0,0,0,0,0,0,0,0,0,0,0,0,0,0
2015,"MU",240690,29,29,0,9,20,0,6,4,3,7,21,8,0,0,0,0,0,0,0,0,0,0,0,0,0,0,0,0,0,0,0,0,0,0,0,0,0,0
2015,"MU",240700,66,66,0,6,60,3,14,22,6,15,36,30,4,0,0,0,0,2,0,0,0,0,0,0,0,0,0,0,0,0,0,0,0,0,0,0,0,0
2015,"MU",240710,460,460,0,87,373,14,64,106,40,149,292,168,18,0,10,10,0,3,1,2,0,0,6,0,2,1,0,0,0,1,1,1,0,0,0,0,0,0
2015,"MU",240720,186,186,0,32,154,3,24,39,19,69,107,79,11,0,5,4,1,0,1,2,0,0,3,0,1,1,0,0,0,0,1,1,0,1,0,0,0,0
2015,"MU",240725,29,29,0,5,24,0,7,9,4,4,14,15,1,0,0,0,0,0,0,0,0,0,0,0,0,0,0,0,0,0,0,0,0,0,0,0,0,0
2015,"MU",240730,53,53,0,4,49,0,8,22,3,16,32,21,1,0,0,0,0,0,0,0,0,0,0,0,0,0,0,0,0,0,0,0,0,0,0,0,0,0
2015,"MU",240740,70,70,0,9,61,2,12,23,5,19,39,31,3,0,0,0,0,0,0,0,0,0,0,0,0,0,0,0,0,0,0,0,0,0,0,0,0,0
2015,"MU",240750,59,59,0,10,49,0,9,19,4,17,35,24,4,0,3,3,0,0,0,0,0,0,2,0,0,0,0,0,0,0,0,0,0,0,0,0,0,0
2015,"MU",240760,37,37,0,7,30,2,9,8,5,6,26,11,0,0,0,0,0,0,0,0,0,0,0,0,0,0,0,0,0,0,0,0,0,0,0,0,0,0
2015,"MU",240770,59,59,0,6,53,3,6,15,4,25,34,25,4,0,2,1,1,0,0,1,0,0,1,0,1,0,0,0,1,0,1,1,0,0,1,0,0,0
2015,"MU",240780,105,105,0,11,94,3,23,32,6,30,59,46,6,0,4,4,0,0,0,0,0,0,4,0,0,0,0,0,0,0,0,0,0,0,0,0,0,0
2015,"MU",240790,14,14,0,4,10,0,0,4,1,5,10,4,1,0,0,0,0,1,0,0,0,0,0,0,0,0,0,0,0,0,0,0,0,0,0,0,0,0
2015,"MU",240800,1654,1654,0,276,1378,59,262,333,148,576,954,700,79,0,22,18,4,12,0,5,0,0,5,0,5,0,0,0,3,2,3,3,0,2,0,0,0,0
2015,"MU",240810,5124,5124,0,764,4360,198,946,1268,571,1377,2800,2324,200,0,80,56,24,56,1,20,0,1,38,0,7,1,0,0,2,4,3,3,1,0,0,2,0,0
2015,"MU",240820,143,143,0,29,114,4,17,38,8,47,83,60,8,0,4,3,1,4,0,2,0,0,1,0,0,0,0,0,0,0,0,0,0,0,0,0,0,0
2015,"MU",240830,268,268,0,25,243,9,44,95,23,72,146,122,15,0,4,3,1,3,1,1,0,0,2,0,1,1,0,0,0,0,1,1,0,0,0,0,0,0
2015,"MU",240840,37,37,0,3,34,1,3,10,11,9,21,16,3,0,0,0,0,0,0,0,0,0,0,0,1,0,0,0,0,1,0,0,0,0,0,0,0,0
2015,"MU",240850,31,31,0,0,31,0,9,7,4,11,21,10,0,0,1,1,0,0,0,0,0,0,0,0,0,0,0,0,0,0,0,0,0,0,0,0,0,0
2015,"MU",240860,35,35,0,1,34,1,10,13,4,6,18,17,2,0,0,0,0,1,1,0,0,0,0,0,1,1,0,0,0,0,1,1,0,0,0,0,1,0
2015,"MU",240870,29,29,0,3,26,0,2,14,4,6,16,13,1,0,0,0,0,0,0,0,0,0,0,0,0,0,0,0,0,0,0,0,0,0,0,0,0,0
2015,"MU",240880,29,29,0,2,27,0,7,5,4,11,17,12,0,0,1,1,0,0,0,0,0,0,1,0,0,0,0,0,0,0,0,0,0,0,0,0,0,0
2015,"MU",240890,170,170,0,22,148,6,26,61,15,40,88,82,3,0,4,2,2,4,0,2,0,0,2,0,0,0,0,0,0,0,0,0,0,0,0,0,0,0
2015,"MU",240895,60,60,0,5,55,3,8,23,5,16,39,21,2,0,1,0,1,1,0,0,0,0,1,0,0,0,0,0,0,0,0,0,0,0,0,0,0,0
2015,"MU",240910,75,75,0,10,65,0,14,25,3,23,42,33,5,0,1,0,1,0,0,1,0,0,0,0,0,0,0,0,0,0,0,0,0,0,0,0,0,0
2015,"MU",240920,21,21,0,3,18,2,1,7,2,6,12,9,0,0,1,0,1,1,0,1,0,0,0,0,0,0,0,0,0,0,0,0,0,0,0,0,0,0
2015,"MU",240930,88,88,0,9,79,7,13,23,10,26,55,33,5,0,1,1,0,0,0,0,0,0,1,0,0,0,0,0,0,0,0,0,0,0,0,0,0,0
2015,"MU",240933,31,31,0,3,28,0,5,10,4,9,14,17,1,0,0,0,0,0,0,0,0,0,0,0,0,0,0,0,0,0,0,0,0,0,0,0,0,0
2015,"MU",240940,162,162,0,13,149,10,29,56,18,36,86,76,10,0,4,2,2,3,1,2,0,0,1,0,1,1,0,0,0,0,1,1,0,0,0,1,0,0
2015,"MU",240950,17,17,0,2,15,0,5,4,1,5,14,3,0,0,0,0,0,0,0,0,0,0,0,0,0,0,0,0,0,0,0,0,0,0,0,0,0,0
2015,"MU",240960,10,10,0,1,9,0,0,3,1,5,4,6,0,0,0,0,0,0,0,0,0,0,0,0,0,0,0,0,0,0,0,0,0,0,0,0,0,0
2015,"MU",240970,43,43,0,6,37,2,3,11,5,16,28,14,2,0,0,0,0,0,0,0,0,0,0,0,0,0,0,0,0,0,0,0,0,0,0,0,0,0
2015,"MU",240980,97,97,0,11,86,4,9,43,7,23,56,41,5,0,0,0,0,0,0,0,0,0,0,0,0,0,0,0,0,0,0,0,0,0,0,0,0,0
2015,"MU",240990,75,75,0,6,69,2,14,23,10,20,44,31,5,0,0,0,0,0,0,0,0,0,0,0,0,0,0,0,0,0,0,0,0,0,0,0,0,0
2015,"MU",241000,24,24,0,2,22,0,6,5,2,9,13,11,4,0,1,0,1,0,0,1,0,0,0,0,0,0,0,0,0,0,0,0,0,0,0,0,0,0
2015,"MU",241010,72,72,0,11,61,0,9,31,3,18,40,32,4,0,2,2,0,1,0,1,0,0,1,0,0,0,0,0,0,0,0,0,0,0,0,0,0,0
2015,"MU",241020,48,48,0,3,45,3,9,17,3,13,24,24,0,0,1,0,1,1,0,0,0,0,0,0,0,0,0,0,0,0,0,0,0,0,0,0,0,0
2015,"MU",241025,25,25,0,4,21,1,4,9,4,3,11,14,3,0,0,0,0,0,0,0,0,0,0,0,0,0,0,0,0,0,0,0,0,0,0,0,0,0
2015,"MU",241030,65,65,0,12,53,3,4,16,1,29,40,25,1,0,2,0,2,1,0,0,0,0,1,0,0,0,0,0,0,0,0,0,0,0,0,0,0,0
2015,"MU",241040,49,49,0,8,41,2,3,19,3,14,32,17,1,0,2,2,0,1,0,0,0,0,2,0,0,0,0,0,0,0,0,0,0,0,0,0,0,0
2015,"MU",241050,31,31,0,2,29,2,7,6,3,11,16,15,1,0,0,0,0,1,0,0,0,0,0,0,0,0,0,0,0,0,0,0,0,0,0,0,0,0
2015,"MU",241060,28,28,0,5,23,0,1,11,7,4,20,8,0,0,1,1,0,0,0,0,0,0,0,0,0,0,0,0,0,0,0,0,0,0,0,0,0,0
2015,"MU",241070,20,20,0,1,19,1,2,8,1,7,10,10,3,0,0,0,0,0,0,0,0,0,0,0,0,0,0,0,0,0,0,0,0,0,0,0,0,0
2015,"MU",241080,28,28,0,3,25,1,5,10,5,4,11,16,3,0,1,1,0,0,0,0,0,0,0,0,0,0,0,0,0,0,0,0,0,0,0,0,0,0
2015,"MU",241090,36,36,0,1,35,0,8,15,2,10,15,21,2,0,3,2,1,0,0,3,0,0,0,0,0,0,0,0,0,0,0,0,0,0,0,0,0,0
2015,"MU",241100,34,34,0,7,27,0,2,12,5,8,24,10,2,0,0,0,0,0,0,0,0,0,0,0,0,0,0,0,0,0,0,0,0,0,0,0,0,0
2015,"MU",241105,31,31,0,6,25,2,3,6,2,12,19,12,1,0,0,0,0,1,0,0,0,0,0,0,0,0,0,0,0,0,0,0,0,0,0,0,0,0
2015,"MU",241110,17,17,0,2,15,1,4,6,1,3,9,8,1,0,0,0,0,0,0,0,0,0,0,0,0,0,0,0,0,0,0,0,0,0,0,0,0,0
2015,"MU",241120,246,246,0,36,210,9,59,60,20,62,151,95,9,0,1,1,0,0,0,1,0,0,0,0,0,0,0,0,0,0,0,0,0,0,0,0,0,0
2015,"MU",241140,63,63,0,5,58,3,11,11,15,18,32,31,4,0,1,1,0,0,0,0,0,0,1,0,0,0,0,0,0,0,0,0,0,0,0,0,0,0
2015,"MU",241142,9,9,0,1,8,2,2,1,1,2,8,1,0,0,0,0,0,0,0,0,0,0,0,0,0,0,0,0,0,0,0,0,0,0,0,0,0,0
2015,"MU",241150,153,153,0,15,138,5,21,50,21,41,99,54,9,0,2,2,0,0,0,0,0,0,0,0,0,0,0,0,0,0,0,0,0,0,0,0,0,0
2015,"MU",241160,21,21,0,4,17,0,2,7,1,7,13,8,0,0,1,1,0,1,0,0,0,0,1,0,0,0,0,0,0,0,0,0,0,0,0,0,0,0
2015,"MU",241170,23,23,0,1,22,0,2,5,2,13,11,12,2,0,0,0,0,0,0,0,0,0,0,0,0,0,0,0,0,0,0,0,0,0,0,0,0,0
2015,"MU",241180,19,19,0,1,18,0,2,5,1,10,10,9,0,0,0,0,0,0,0,0,0,0,0,0,0,0,0,0,0,0,0,0,0,0,0,0,0,0
2015,"MU",241190,29,29,0,4,25,0,4,6,4,11,17,12,1,0,1,0,1,0,0,0,0,0,0,0,0,0,0,0,0,0,0,0,0,0,0,0,0,0
2015,"MU",241200,507,507,0,92,415,22,82,128,41,142,291,216,33,0,18,10,8,11,1,5,0,0,9,0,3,0,1,0,2,0,3,3,0,1,0,1,0,0
2015,"MU",241210,47,47,0,5,42,2,8,14,8,10,26,21,2,0,1,1,0,1,0,0,0,0,1,0,0,0,0,0,0,0,0,0,0,0,0,0,0,0
2015,"MU",241220,291,291,0,48,243,10,40,81,20,92,166,123,17,0,5,3,2,4,0,2,0,0,2,0,1,0,0,0,1,0,1,1,0,0,1,0,0,0
2015,"MU",241230,78,78,0,14,64,1,19,16,10,18,43,35,2,0,1,1,0,1,0,0,0,0,0,0,0,0,0,0,0,0,0,0,0,0,0,0,0,0
2015,"MU",241240,26,26,0,2,24,2,5,9,1,7,16,10,0,0,0,0,0,0,0,0,0,0,0,0,0,0,0,0,0,0,0,0,0,0,0,0,0,0
2015,"MU",241250,182,182,0,21,161,4,22,68,28,39,98,84,8,0,1,1,0,1,0,0,0,0,0,0,0,0,0,0,0,0,0,0,0,0,0,0,0,0
2015,"MU",241255,33,33,0,6,27,0,2,11,3,11,18,15,1,0,1,1,0,0,0,0,0,0,0,0,1,0,0,0,0,1,0,0,0,0,0,0,0,0
2015,"MU",241260,106,106,0,14,92,3,20,27,11,31,62,44,3,0,0,0,0,1,0,0,0,0,0,0,0,0,0,0,0,0,0,0,0,0,0,0,0,0
2015,"MU",241270,26,26,0,6,20,1,5,7,1,6,18,8,0,0,0,0,0,0,0,0,0,0,0,0,0,0,0,0,0,0,0,0,0,0,0,0,0,0
2015,"MU",241280,67,67,0,5,62,2,14,21,4,21,34,33,1,0,1,0,1,1,0,0,0,0,0,0,0,0,0,0,0,0,0,0,0,0,0,0,0,0
2015,"MU",241290,68,68,0,6,62,0,13,26,5,18,43,25,4,0,0,0,0,0,0,0,0,0,0,0,0,0,0,0,0,0,0,0,0,0,0,0,0,0
2015,"MU",241300,44,44,0,4,40,0,9,19,4,8,28,16,2,0,0,0,0,1,0,0,0,0,0,0,0,0,0,0,0,0,0,0,0,0,0,0,0,0
2015,"MU",241310,37,37,0,5,32,3,8,7,2,12,16,21,3,0,0,0,0,0,0,0,0,0,0,0,0,0,0,0,0,0,0,0,0,0,0,0,0,0
2015,"MU",241320,17,17,0,1,16,2,2,3,1,8,10,7,0,0,1,1,0,0,0,0,0,0,0,0,0,0,0,0,0,0,0,0,0,0,0,0,0,0
2015,"MU",241330,25,25,0,3,22,0,4,10,0,8,15,10,1,0,1,1,0,0,0,0,0,0,1,0,1,0,0,0,1,0,1,1,0,0,0,0,1,0
2015,"MU",241335,37,37,0,6,31,1,4,13,3,10,25,12,2,0,1,1,0,0,0,0,0,0,1,0,0,0,0,0,0,0,0,0,0,0,0,0,0,0
2015,"MU",241340,57,57,0,6,51,1,10,20,6,14,37,20,2,0,0,0,0,0,0,0,0,0,0,0,0,0,0,0,0,0,0,0,0,0,0,0,0,0
2015,"MU",241350,46,46,0,4,42,0,4,13,7,18,27,19,2,0,1,1,0,1,0,1,0,0,0,0,0,0,0,0,0,0,0,0,0,0,0,0,0,0
2015,"MU",241355,26,26,0,3,23,1,7,6,3,6,11,15,1,0,0,0,0,0,0,0,0,0,0,0,0,0,0,0,0,0,0,0,0,0,0,0,0,0
2015,"MU",241360,43,43,0,6,37,2,7,11,3,14,21,22,0,0,2,2,0,0,0,0,0,0,1,0,0,0,0,0,0,0,0,0,0,0,0,0,0,0
2015,"MU",241370,38,38,0,5,33,1,9,12,2,9,15,23,3,0,0,0,0,0,0,0,0,0,0,0,0,0,0,0,0,0,0,0,0,0,0,0,0,0
2015,"MU",241380,6,6,0,0,6,0,2,2,1,1,1,5,0,0,0,0,0,0,0,0,0,0,0,0,0,0,0,0,0,0,0,0,0,0,0,0,0,0
2015,"MU",241390,61,61,0,6,55,2,4,24,4,21,37,24,3,0,0,0,0,1,0,0,0,0,0,0,0,0,0,0,0,0,0,0,0,0,0,0,0,0
2015,"MU",241400,115,115,0,22,93,2,15,33,13,30,64,51,11,0,1,1,0,1,1,0,0,0,1,0,2,1,0,0,0,1,1,1,0,1,0,0,0,0
2015,"MU",241410,70,70,0,4,66,4,12,24,5,21,34,36,4,0,1,1,0,0,0,0,0,0,1,0,0,0,0,0,0,0,0,0,0,0,0,0,0,0
2015,"MU",241415,26,26,0,1,25,1,5,9,1,9,12,14,1,0,0,0,0,1,0,0,0,0,0,0,0,0,0,0,0,0,0,0,0,0,0,0,0,0
2015,"MU",241420,61,61,0,10,51,1,11,22,4,13,37,24,5,0,0,0,0,0,0,0,0,0,0,0,0,0,0,0,0,0,0,0,0,0,0,0,0,0
2015,"MU",241430,16,16,0,0,16,2,4,8,2,0,6,10,0,0,0,0,0,0,0,0,0,0,0,0,0,0,0,0,0,0,0,0,0,0,0,0,0,0
2015,"MU",241440,134,134,0,13,121,5,21,45,13,37,84,50,8,0,2,2,0,1,2,0,0,0,0,0,2,2,0,0,0,0,2,2,1,0,0,1,0,0
2015,"MU",241445,21,21,0,3,18,0,3,6,3,6,15,6,1,0,0,0,0,1,0,0,0,0,0,0,0,0,0,0,0,0,0,0,0,0,0,0,0,0
2015,"MU",241450,72,72,0,10,62,4,11,21,11,15,37,35,2,0,1,1,0,1,0,0,0,0,0,0,0,0,0,0,0,0,0,0,0,0,0,0,0,0
2015,"MU",241460,71,71,0,9,62,1,8,20,6,27,37,34,4,0,2,0,2,0,0,1,0,0,0,0,1,0,0,0,1,0,1,1,0,0,0,0,0,0
2015,"MU",241470,31,31,0,1,30,1,2,15,6,6,17,14,0,0,0,0,0,0,0,0,0,0,0,0,0,0,0,0,0,0,0,0,0,0,0,0,0,0
2015,"MU",241475,20,20,0,4,16,1,3,8,2,2,15,5,0,0,0,0,0,1,0,0,0,0,0,0,0,0,0,0,0,0,0,0,0,0,0,0,0,0
2015,"MU",241480,79,79,0,3,76,4,11,25,7,29,41,38,2,0,3,2,1,2,0,2,0,0,1,0,0,0,0,0,0,0,0,0,0,0,0,0,0,0
2015,"MU",241490,6,6,0,0,6,0,0,2,1,3,6,0,0,0,0,0,0,0,0,0,0,0,0,0,0,0,0,0,0,0,0,0,0,0,0,0,0,0
2015,"MU",241500,17,17,0,0,17,2,3,11,1,0,9,8,0,0,0,0,0,0,0,0,0,0,0,0,0,0,0,0,0,0,0,0,0,0,0,0,0,0
